[
  {
    "id": 1,
    "department": "bca",
    "event_name": "fullnstack",
    "event_date": "2025-09-03",
    "event_time": "1.30pm",
    "purpose": "",
    "service_type": "custom",
    "number_of_persons": "10",
    "items_required": "11",
    "cost_per_unit": 0.0,
    "estimated_amount": 0.0,
    "remarks": "11",
    "status": "completed",
    "timestamp": "2025-09-02 20:52:00",
    "ordered_by": "faculty",
    "approved_at": "2025-09-03 15:38:49",
    "approved_by": "admin",
    "completed_at": "2025-09-03 16:07:58",
    "completed_by": "canteen"
  },
  {
    "id": 2,
    "department": "bca",
    "event_name": "fullnstack",
    "event_date": "2025-09-04",
    "event_time": "1.30pm",
    "purpose": "",
    "service_type": "beverages",
    "number_of_persons": "10",
    "items_required": "12",
    "cost_per_unit": 0.0,
    "estimated_amount": 0.0,
    "remarks": "",
    "status": "rejected",
    "timestamp": "2025-09-03 14:40:44",
    "ordered_by": "faculty",
    "approved_at": null,
    "approved_by": null,
    "completed_at": null,
    "completed_by": null,
    "rejected_at": "2025-09-03 15:39:54",
    "rejected_by": "admin"
  },
  {
    "id": 3,
    "department": "bca",
    "event_name": "dance",
    "event_date": "2025-09-18",
    "event_time": "15:45",
    "purpose": "",
    "service_type": "",
    "number_of_persons": "4",
    "items_required": "cofrr",
    "cost_per_unit": 12.0,
    "estimated_amount": 48.0,
    "remarks": "",
    "status": "completed",
    "timestamp": "2025-09-03 15:42:45",
    "ordered_by": "faculty",
    "approved_at": "2025-09-03 15:57:58",
    "approved_by": "admin",
    "completed_at": "2025-09-03 16:08:06",
    "completed_by": "canteen"
  },
  {
    "id": 4,
    "department": "bca",
    "event_name": "dance",
    "event_date": "2025-09-18",
    "event_time": "04:07",
    "purpose": "",
    "service_type": "",
    "number_of_persons": "15",
    "items_required": "teaa",
    "cost_per_unit": 0.0,
    "estimated_amount": 0.0,
    "remarks": "",
    "status": "completed",
    "timestamp": "2025-09-03 16:05:42",
    "ordered_by": "bca",
    "approved_at": "2025-09-03 16:11:30",
    "approved_by": "admin",
    "completed_at": "2025-09-03 16:20:49",
    "completed_by": "canteen"
  },
  {
    "id": 5,
    "department": "bca",
    "event_name": "dance",
    "event_date": "2025-09-03",
    "event_time": "16:25",
    "purpose": "",
    "service_type": "",
    "number_of_persons": "15",
    "items_required": "hahha",
    "cost_per_unit": 0.0,
    "estimated_amount": 0.0,
    "remarks": "",
    "status": "completed",
    "timestamp": "2025-09-03 16:24:38",
    "ordered_by": "bca",
    "approved_at": "2025-09-03 16:34:51",
    "approved_by": "admin",
    "completed_at": "2025-09-03 16:35:40",
    "completed_by": "canteen"
  },
  {
    "id": 6,
    "department": "bca",
    "event_name": "test",
    "event_date": "2025-09-06",
    "event_time": "12:44",
    "purpose": "",
    "service_type": "",
    "number_of_persons": "5",
    "items_required": "example",
    "cost_per_unit": 0.0,
    "estimated_amount": 0.0,
    "remarks": "",
    "status": "completed",
    "timestamp": "2025-09-05 14:42:21",
    "ordered_by": "bca",
    "approved_at": "2025-09-05 14:43:14",
    "approved_by": "admin",
    "completed_at": "2025-09-05 14:44:21",
    "completed_by": "canteen"
  },
  {
    "id": 7,
    "department": "bca",
    "event_name": "example",
    "event_date": "2025-09-13",
    "event_time": "19:08",
    "purpose": "",
    "service_type": "",
    "number_of_persons": "8",
    "items_required": "water bottle",
    "cost_per_unit": 0.0,
    "estimated_amount": 0.0,
    "remarks": "to 4th floor seminar hall",
    "status": "rejected",
    "timestamp": "2025-09-05 16:04:42",
    "ordered_by": "bca",
    "approved_at": "2025-09-05 16:11:05",
    "approved_by": "admin",
    "completed_at": null,
    "completed_by": null
  },
  {
    "id": 8,
    "department": "bca",
    "event_name": "example",
    "event_date": "2025-09-13",
    "event_time": "19:08",
    "purpose": "",
    "service_type": "",
    "number_of_persons": "8",
    "items_required": "water bottle",
    "cost_per_unit": 0.0,
    "estimated_amount": 0.0,
    "remarks": "to 4th floor seminar hall",
    "status": "completed",
    "timestamp": "2025-09-05 16:04:43",
    "ordered_by": "bca",
    "approved_at": "2025-09-05 16:11:14",
    "approved_by": "admin",
    "completed_at": "2025-09-05 17:45:03",
    "completed_by": "canteen"
  },
  {
    "id": 9,
    "department": "bca",
    "event_name": "example",
    "event_date": "2025-09-13",
    "event_time": "08:14",
    "purpose": "",
    "service_type": "",
    "number_of_persons": "10",
    "items_required": "coffee",
    "cost_per_unit": 0.0,
    "estimated_amount": 0.0,
    "remarks": "to staff room",
    "status": "rejected",
    "timestamp": "2025-09-05 16:12:06",
    "ordered_by": "bca",
    "approved_at": "2025-09-05 17:06:29",
    "approved_by": "admin",
    "completed_at": null,
    "completed_by": null
  },
  {
    "id": 10,
    "department": "bca",
    "event_name": "example",
    "event_date": "2025-09-06",
    "event_time": "02:30",
    "purpose": "",
    "service_type": "",
    "number_of_persons": "10",
    "items_required": "example",
    "cost_per_unit": 0.0,
    "estimated_amount": 0.0,
    "remarks": "example",
    "status": "rejected",
    "timestamp": "2025-09-05 16:48:59",
    "ordered_by": "bca",
    "approved_at": "2025-09-05 17:05:46",
    "approved_by": "admin",
    "completed_at": null,
    "completed_by": null
  },
  {
    "id": 11,
    "department": "bca",
    "event_name": "example",
    "event_date": "2025-09-06",
    "event_time": "19:55",
    "purpose": "",
    "service_type": "",
    "number_of_persons": "5",
    "items_required": "example",
    "cost_per_unit": 0.0,
    "estimated_amount": 0.0,
    "remarks": "hggj",
    "status": "completed",
    "timestamp": "2025-09-05 16:53:00",
    "ordered_by": "bca",
    "approved_at": "2025-09-05 16:53:45",
    "approved_by": "email-approval",
    "completed_at": "2025-09-05 17:45:12",
    "completed_by": "canteen"
  },
  {
    "id": 12,
    "department": "bca",
    "event_name": "test",
    "event_date": "2025-09-06",
    "event_time": "20:39",
    "purpose": "",
    "service_type": "",
    "number_of_persons": "2",
    "items_required": "10 water bottel",
    "cost_per_unit": 0.0,
    "estimated_amount": 0.0,
    "remarks": "to principle office",
    "status": "rejected",
    "timestamp": "2025-09-05 17:37:31",
    "ordered_by": "bca",
    "approved_at": "2025-09-05 17:40:02",
    "approved_by": "email-approval",
    "completed_at": null,
    "completed_by": null
  },
  {
    "id": 13,
    "department": "bca",
    "event_name": "test",
    "event_date": "2025-09-06",
    "event_time": "20:39",
    "purpose": "",
    "service_type": "",
    "number_of_persons": "2",
    "items_required": "10 water bottel",
    "cost_per_unit": 0.0,
    "estimated_amount": 0.0,
    "remarks": "to principle office",
    "status": "completed",
    "timestamp": "2025-09-05 17:37:31",
    "ordered_by": "bca",
    "approved_at": "2025-09-05 17:44:01",
    "approved_by": "admin",
    "completed_at": "2025-09-05 17:45:08",
    "completed_by": "canteen"
  },
  {
    "id": 14,
    "department": "bca",
    "event_name": "123",
    "event_date": "2025-09-22",
    "event_time": "17:46",
    "purpose": "",
    "service_type": "",
    "number_of_persons": "5",
    "items_required": "123",
    "cost_per_unit": 0.0,
    "estimated_amount": 0.0,
    "remarks": "123",
    "status": "pending",
    "timestamp": "2025-09-05 17:46:26",
    "ordered_by": "bca",
    "approved_at": null,
    "approved_by": null,
    "completed_at": null,
    "completed_by": null
  },
  {
    "id": 15,
    "department": "bca",
    "event_name": "123",
    "event_date": "2025-09-22",
    "event_time": "17:46",
    "purpose": "",
    "service_type": "",
    "number_of_persons": "5",
    "items_required": "123",
    "cost_per_unit": 0.0,
    "estimated_amount": 0.0,
    "remarks": "123",
    "status": "completed",
    "timestamp": "2025-09-05 17:46:26",
    "ordered_by": "bca",
    "approved_at": "2025-09-05 17:46:42",
    "approved_by": "email-approval",
    "completed_at": "2025-09-05 17:47:51",
    "completed_by": "canteen"
  }
]